<?xml version="1.0" encoding="UTF-8"?>
<project-private xmlns="http://www.netbeans.org/ns/project-private/1">
    <editor-bookmarks xmlns="http://www.netbeans.org/ns/editor-bookmarks/2" lastBookmarkId="0"/>
    <open-files xmlns="http://www.netbeans.org/ns/projectui-open-files/2">
        <group>
            <file>file:/C:/Users/gurle/OneDrive%20-%20AUT%20University/AUT/Program%20Design%20and%20Construction/project-2/MagicRPG/src/magicrpg/StartGame.java</file>
            <file>file:/C:/Users/gurle/OneDrive%20-%20AUT%20University/AUT/Program%20Design%20and%20Construction/project-2/MagicRPG/src/magicrpg/Layout.java</file>
            <file>file:/C:/Users/gurle/OneDrive%20-%20AUT%20University/AUT/Program%20Design%20and%20Construction/project-2/MagicRPG/src/magicrpg/Main.java</file>
            <file>file:/C:/Users/gurle/OneDrive%20-%20AUT%20University/AUT/Program%20Design%20and%20Construction/project-2/MagicRPG/src/magicrpg/Enemy.java</file>
            <file>file:/C:/Users/gurle/OneDrive%20-%20AUT%20University/AUT/Program%20Design%20and%20Construction/project-2/MagicRPG/src/magicrpg/Character.java</file>
        </group>
    </open-files>
</project-private>
